text,output,timestamp
i need refund,"Category: cancellation request
Priority: critical",2026-04-10 20:42:25.975821
i need refund,"Category: cancellation request
Priority: critical",2026-04-10 20:42:27.930361
i need refund,"**Category:** cancellation request
** Priority:** critical",2026-04-10 20:48:49.007742
i need refund,"**Category:** cancellation request
** Priority:** critical",2026-04-10 20:49:15.777882
i need refund,"**Category:** cancellation request

** Priority:** critical",2026-04-10 20:50:22.691345
